FR0013149382,TARGET HOLIDAYS
XS1390266838,NEW YORK|LONDON|TOKYO
XS1378402199,HONG KONG
CH0285315344,NEW YORK|TARGET HOLIDAYS|ZURICH
XS1138845844,NEW YORK|LONDON|TARGET HOLIDAYS
JP1023601G11,TOKYO
CH0254071894,NEW YORK
XS1387752329,LONDON|TOKYO
XS1313827740,LONDON|TOKYO
XS1373121745,LONDON|TOKYO
XS1328130197,NEW YORK|SINGAPORE
XS1328604837,NEW YORK|TOKYO
XS1369058059,TOKYO
XS1293806839,HONG KONG
XS0532879300,SAO-PAULO|TOKYO
XS1315761459,SAO-PAULO|NEW YORK|LONDON|TOKYO
XS1281070455,NEW YORK
XS1389980613,NEW YORK|LONDON|TOKYO
XS1319973456,NEW YORK
XS1314926939,TOKYO
XS1317103569,NEW YORK
XS1338495218,NEW YORK|TARGET HOLIDAYS
XS1338526970,ZURICH
XS0934761585,NEW YORK|LONDON|SINGAPORE|TOKYO
XS1384275365,NEW YORK|LONDON|SYDNEY
XS1380250636,HONG KONG|SINGAPORE
XS1317899398,ZURICH
XS1396347053,NEW YORK
XS1362329325,NEW YORK|HONG KONG
XS1314930709,NEW YORK
XS1351712127,NEW YORK|LONDON
XS1051391289,NEW YORK
RU000A0JS6T5,NEW YORK
US87165BAJ26,NEW YORK
XS1327113301,TARGET HOLIDAYS
XS1276921571,NEW YORK|TARGET HOLIDAYS
FR0013101540,TARGET HOLIDAYS
XS1314906741,TOKYO
XS1338527275,PRAGUE|NEW YORK
XS1314933471,HONG KONG
XS1289621747,NEW YORK|TARGET HOLIDAYS
FR0013047479,NEW YORK|TARGET HOLIDAYS
XS1242432117,NEW YORK|LONDON
XS1343090673,NEW YORK|HONG KONG
XS1377251779,NEW YORK
XS1314830313,TARGET HOLIDAYS
SG71B3000002,
XS0480504256,NEW YORK|LONDON
XS1022156720,NEW YORK|LONDON|TOKYO
XS1051396163,ZURICH
XS1395051235,LONDON|TOKYO
NL0011218706,TARGET HOLIDAYS
XS1320679969,HONG KONG
XS1293827249,NEW YORK|HONG KONG
XS1388513977,HONG KONG
NL0011264668,TARGET HOLIDAYS
XS1338515429,NEW YORK|HONG KONG
XS1379137638,NEW YORK|LONDON|TARGET HOLIDAYS|TOKYO
XS1314893741,NEW YORK|TOKYO
XS1372181609,NEW YORK|TOKYO
NL0011641436,TARGET HOLIDAYS
CH0270626218,TARGET HOLIDAYS|ZURICH
XS1314806958,SAO-PAULO|NEW YORK|LONDON|TARGET HOLIDAYS|TOKYO
DE000CS8A885,NEW YORK
XS1400705999,SYDNEY|MELBOURNE|SINGAPORE
NL0011218771,TARGET HOLIDAYS
XS1388590298,HONG KONG
XS1338514455,TARGET HOLIDAYS
XS1378457094,HONG KONG
XS1373130902,NEW YORK
XS1371970499,LONDON|TOKYO
XS1357788261,LONDON|TOKYO
XS1374663331,LONDON|TOKYO
XS1317176953,NEW YORK|LONDON|TARGET HOLIDAYS
CH0314989291,NEW YORK|TARGET HOLIDAYS|ZURICH
XS1293131378,LONDON|TARGET HOLIDAYS
FR0122055546,TARGET HOLIDAYS
XS1314852556,NEW YORK
XS1314798247,NEW YORK|TOKYO
CH0306892180,TARGET HOLIDAYS|ZURICH
XS1314936144,TOKYO
XS1351526840,LONDON|TOKYO
XS1374671789,NEW YORK|LONDON|TOKYO
NL0011652045,TARGET HOLIDAYS
XS1314928125,NEW YORK|LONDON|TARGET HOLIDAYS|TOKYO
XS1374799580,LONDON|NEW YORK|HONG KONG
XS1240986452,NEW YORK
XS1245850828,NEW YORK
CH0259241310,NEW YORK
XS1314883783,TOKYO
XS1378398900,HONG KONG
XS1100785796,TARGET HOLIDAYS
XS1378483926,HONG KONG
XS1320632067,HONG KONG
XS1374208137,TOKYO
XS1402949009,TARGET HOLIDAYS
XS1353106203,HONG KONG
XS1037741441,NEW YORK
XS1318516850,NEW YORK|LONDON
XS1343806086,HONG KONG
XS1338538801,NEW YORK
XS1330974145,NEW YORK
XS1377239642,LONDON|TOKYO
XS1378402355,HONG KONG
XS1341156963,LONDON|TOKYO
XS1337143595,NEW YORK
CH0287818246,NEW YORK
XS1378451998,HONG KONG
XS1296578393,NEW YORK|LONDON
AT0000A1K9C8,TARGET HOLIDAYS
XS1317126859,NEW YORK
CH0311853128,TARGET HOLIDAYS
XS1324457297,MOSCOW
XS1323431954,NEW YORK
XS1378405614,HONG KONG
XS1378485541,HONG KONG
XS0762420544,LONDON
XS1334562284,LONDON|HONG KONG|SYDNEY
XS1227300693,NEW YORK|LONDON|TOKYO
XS1316417374,NEW YORK|LONDON|TOKYO
XS1295011461,TARGET HOLIDAYS
XS1284570626,TARGET HOLIDAYS
XS1051389036,ZURICH
USY8564WAC74,NEW YORK
XS1333977103,HONG KONG
CWN5647B8199,NEW YORK|LONDON|ZURICH
XS1374309240,LONDON|TOKYO
XS1293855455,HONG KONG
CH0273347820,ZURICH
FREXA0000325,TARGET HOLIDAYS
US29269MAA45,NEW YORK
XS1400678733,LONDON|TARGET HOLIDAYS
XS1343803653,HONG KONG
XS1360332123,LONDON
XS1169151039,NEW YORK|LONDON
XS1338526467,LONDON
XS1349977451,NEW YORK|TARGET HOLIDAYS
NL0011527403,TARGET HOLIDAYS
XS1314892420,NEW YORK|LONDON|TOKYO
XS1378406695,HONG KONG
XS1391436125,TARGET HOLIDAYS
XS1313174176,TARGET HOLIDAYS
XS1333692017,NEW YORK|LONDON|TOKYO
XS1254236638,NEW YORK|HONG KONG
XS1316191383,NEW YORK
XS1289344720,HONG KONG
XS1341281191,LONDON|TOKYO
XS1378449406,HONG KONG
XS1202206592,NEW YORK
CH0295689142,LONDON|TARGET HOLIDAYS|ZURICH
XS1386394016,NEW YORK|LONDON|TOKYO
XS1224182789,NEW YORK|TARGET HOLIDAYS
XS1390326830,LONDON|TOKYO
XS1313825611,LONDON|TOKYO
CWN5647C8339,NEW YORK
XS1072479048,NEW YORK|LONDON|TOKYO
XS1265367638,NEW YORK|LONDON
XS1382791892,TARGET HOLIDAYS
XS1314922789,LONDON|SYDNEY|MELBOURNE|SYDNEY|TOKYO
XS1374651245,TOKYO
XS1381941597,NEW YORK
CH0289951292,TARGET HOLIDAYS|ZURICH
XS1314834810,NEW YORK
XS1328684508,LONDON|TOKYO
XS1366708169,TOKYO
XS1289283597,NEW YORK|TARGET HOLIDAYS
XS1366720701,NEW YORK|LONDON|TOKYO
XS1368564990,NEW YORK|LONDON
XS1070759680,NEW YORK|LONDON|SINGAPORE
CH0259326129,NEW YORK
XS1116037406,NEW YORK|LONDON|TOKYO
XS1394989849,NEW YORK|HONG KONG
DE000NWB2C47,LONDON|TARGET HOLIDAYS
XS1378443201,HONG KONG
USN5946FAC16,NEW YORK
XS1387820852,LONDON|TOKYO
ES0224261042,TARGET HOLIDAYS
CH0273396876,NEW YORK
XS1317208079,SYDNEY|MELBOURNE|SYDNEY
XS1349974193,TOKYO
XS1374689054,LONDON|TOKYO
XS1384795362,SINGAPORE
US698299BF03,NEW YORK
XS1343107154,HONG KONG
NL0011327655,NEW YORK
XS1361492884,HONG KONG
XS1314823961,LONDON|TOKYO
XS0894756278,TOKYO
XS1375043244,TARGET HOLIDAYS
XS1320015966,NEW YORK|HONG KONG
XS1320634279,NEW YORK|HONG KONG
XS1376846165,NEW YORK
XS1308059739,HONG KONG
XS1138888224,NEW YORK|ZURICH
XS1391044630,ZURICH
XS1346107433,NEW YORK|LONDON
XS1378450248,HONG KONG
XS1380675485,NEW YORK|HONG KONG
XS1289404219,TOKYO
XS1317213152,NEW YORK|LONDON|TOKYO
XS1378439605,HONG KONG
XS1370861582,NEW YORK|LONDON|TOKYO
DE000A18XBE9,LONDON|TARGET HOLIDAYS
XS1179183436,NEW YORK|LONDON
XS1267239546,NEW YORK
XS1390294376,LONDON|TOKYO
XS1313828045,TOKYO
XS1378432345,HONG KONG
XS1224182193,NEW YORK|TARGET HOLIDAYS
XS1279305467,NEW YORK|LONDON
XS1400950876,TARGET HOLIDAYS
XS1314867315,NEW YORK|LONDON|TOKYO
XS1343087299,NEW YORK|HONG KONG|SYDNEY
XS1390439013,TARGET HOLIDAYS
XS1338528323,NEW YORK|MEXICO
US1730T0V892,NEW YORK|LONDON|TARGET HOLIDAYS|TOKYO
US89566EAG35,NEW YORK
XS1362987718,NEW YORK
XS1339509157,NEW YORK
XS1330964690,TARGET HOLIDAYS
CH0303247602,TARGET HOLIDAYS
CH0279922980,TARGET HOLIDAYS
XS1399203923,NEW YORK
XS1343124910,HONG KONG
XS1317382775,NEW YORK|LONDON|TOKYO
XS1314950137,NEW YORK|LONDON|TOKYO
XS1338554246,NEW YORK|ZURICH
XS1289436922,NEW YORK|LONDON|SINGAPORE
XS1347564970,LONDON|TARGET HOLIDAYS
XS1313817436,LONDON|TOKYO
XS1389956829,LONDON|TOKYO
XS1167535027,TARGET HOLIDAYS
NL0011089438,TARGET HOLIDAYS
XS1278910101,NEW YORK
US87305QCF63,NEW YORK|LONDON
XS1336085243,TOKYO
CWN5647C3538,NEW YORK|LONDON
XS1294535833,NEW YORK|HONG KONG
XS1251280506,NEW YORK
RU000A0JW0S4,MOSCOW
XS1318386627,NEW YORK
XS1338511782,NEW YORK
NL0011218755,TARGET HOLIDAYS
XS0881343627,TOKYO
XS1312016139,NEW YORK|LONDON|TARGET HOLIDAYS
XS1317247218,LONDON|TOKYO
XS1314860492,TOKYO
XS1370704303,SYDNEY|MELBOURNE|SINGAPORE
US40430CLJ61,NEW YORK|LONDON
XS1314898112,NEW YORK
DE000UT846X2,TARGET HOLIDAYS
XS1233577953,NEW YORK
XS1314929289,TOKYO
NL0011546775,NEW YORK|TARGET HOLIDAYS
DK0030368204,TARGET HOLIDAYS
XS1361511261,LONDON|TOKYO
XS1374124037,MOSCOW
XS1307677457,NEW YORK|HONG KONG
US459058EU33,NEW YORK
XS1343109283,HONG KONG
BE6276085881,NEW YORK|TARGET HOLIDAYS
XS1319986946,NEW YORK|HONG KONG
XS1254275701,NEW YORK
XS1363005551,NEW YORK
FR0013117504,TARGET HOLIDAYS
XS1301470545,NEW YORK|HONG KONG|SINGAPORE
XS1343117625,HONG KONG|SYDNEY|MELBOURNE|SYDNEY
XS1364861523,LONDON|TARGET HOLIDAYS
XS1314792638,NEW YORK|LONDON|TOKYO
XS1377978959,NEW YORK
NL0011660147,TARGET HOLIDAYS
XS1378451212,HONG KONG
XS1333931886,NEW YORK|HONG KONG
XS1230638055,HONG KONG
XS1314918084,TOKYO
DE000CB0H183,NEW YORK
CH0289951284,TARGET HOLIDAYS|ZURICH
XS1320673921,HONG KONG
XS1317186598,NEW YORK|LONDON|SINGAPORE
XS1314885135,NEW YORK
XS0987038535,NEW YORK|SINGAPORE
XS1319990468,HONG KONG
CH0304979872,TARGET HOLIDAYS
XS1336304149,NEW YORK
XS1389079960,LONDON|TARGET HOLIDAYS
US785849TM20,NEW YORK
CH0281541968,SYDNEY|MELBOURNE
NL0011525357,TARGET HOLIDAYS
XS1378387531,HONG KONG
XS1390452032,NEW YORK
XS1395017301,TOKYO
US07177MAK99,NEW YORK
XS1333957410,HONG KONG
XS1338514372,NEW YORK
XS1395517615,NEW YORK|LONDON
XS1391087878,LONDON|TOKYO
XS1388506336,LONDON|TOKYO
XS1063913195,TARGET HOLIDAYS
XS1257750049,NEW YORK|LONDON|SYDNEY
TH0655E7Q489,TARGET HOLIDAYS
XS1317176870,NEW YORK|LONDON|TARGET HOLIDAYS
XS1343091648,HONG KONG
XS1374789607,NEW YORK|LONDON|SYDNEY|MELBOURNE
GR0138003695,NEW YORK
XS0673671623,NEW YORK|LONDON|TOKYO
XS1353633750,LONDON
XS1395054171,LONDON|TOKYO
XS1314828416,TOKYO
XS1378396102,HONG KONG
XS1184957055,TARGET HOLIDAYS
XS1307709326,HONG KONG
CH0313212448,NEW YORK
XS1135633466,LONDON|TARGET HOLIDAYS
XS1343108988,HONG KONG
XS1343789720,HONG KONG
XS1278629743,NEW YORK
XS1350419476,LONDON
XS1387839282,HONG KONG
XS1338495564,TARGET HOLIDAYS
CH0287818881,LONDON
NL0010936860,TARGET HOLIDAYS
XS1311331547,TOKYO
XS1226547021,TARGET HOLIDAYS
XS1314892776,NEW YORK|TARGET HOLIDAYS
XS1233632998,NEW YORK|SINGAPORE
XS1314878270,LONDON|TOKYO
XS1389276798,LONDON|TOKYO
XS1313820570,SAO-PAULO|NEW YORK|LONDON|TARGET HOLIDAYS|TOKYO
XS1308038576,HONG KONG
XS1381127213,SINGAPORE
CWN5647G6107,NEW YORK|LONDON
XS1374467584,NEW YORK
XS0848707062,NEW YORK|LONDON
XS1343125727,HONG KONG
XS1037645055,NEW YORK
XS1293136336,NEW YORK
XS1378447459,HONG KONG
XS0650512147,NEW YORK|LONDON|TOKYO
XS1029887871,TARGET HOLIDAYS
FR0013083722,NEW YORK|ZURICH
XS1333968706,HONG KONG
XS0989639520,NEW YORK|LONDON|TOKYO
XS1240137122,NEW YORK
XS1337155177,NEW YORK
XS1373287553,NEW YORK
XS1135674650,TARGET HOLIDAYS
CH0279928532,TARGET HOLIDAYS
XS1392791072,TARGET HOLIDAYS
FR0123709802,
XS1333988563,HONG KONG
XS1399287843,HONG KONG|SINGAPORE
XS1338486068,LONDON
CH0308778791,NEW YORK|LONDON|TARGET HOLIDAYS|ZURICH
US172967KF74,NEW YORK|LONDON|TARGET HOLIDAYS|TOKYO
XS1337149956,NEW YORK
XS1317268644,TARGET HOLIDAYS|ZURICH
NL0011796974,TARGET HOLIDAYS
XS1266700282,NEW YORK|LONDON|TARGET HOLIDAYS|TOKYO
XS1361616870,NEW YORK
CH0266047643,ZURICH
XS1289535236,NEW YORK|SINGAPORE
XS1314919058,TOKYO
XS1374673728,NEW YORK|LONDON|TOKYO
XS1378486945,NEW YORK|HONG KONG
USU76453AB28,NEW YORK
XS1374788385,NEW YORK|LONDON|TOKYO
XS1332492146,NEW YORK
XS1138852543,LONDON|HONG KONG|TARGET HOLIDAYS
XS1308048880,NEW YORK|HONG KONG
XS1330443026,NEW YORK
XS1330396513,LONDON|TOKYO
XS1388592153,NEW YORK|LONDON
XS1317212931,LONDON|TOKYO
XS1317243068,LONDON|TOKYO
XS1314950210,NEW YORK
BE6283802450,TARGET HOLIDAYS
XS1317262100,NEW YORK
XS1338542829,NEW YORK
CH0314190502,LONDON|TARGET HOLIDAYS
XS1317190608,LONDON|SYDNEY|MELBOURNE|SYDNEY|TOKYO
CH0283714332,NEW YORK
XS1313827153,NEW YORK|LONDON|TOKYO
XS1377528242,NEW YORK
FR0013020302,TARGET HOLIDAYS
XS1317217492,LONDON|SINGAPORE
XS1314913101,HONG KONG
XS1378412669,NEW YORK|HONG KONG
XS1307739158,NEW YORK
XS1378435520,HONG KONG
XS1374691035,HONG KONG
XS1336085169,TOKYO
XS1336080368,NEW YORK|LONDON|TOKYO
CH0281105210,NEW YORK|TARGET HOLIDAYS|ZURICH
XS1400179906,NEW YORK
XS1301717457,NEW YORK|LONDON|TOKYO
XS1315638764,LONDON
XS1014627498,NEW YORK|LONDON|TOKYO
XS1338541938,NEW YORK
XS1338515189,NEW YORK|TARGET HOLIDAYS
XS0936199602,NEW YORK|LONDON
XS1338509885,NEW YORK
XS1378488131,HONG KONG
XS1384274806,NEW YORK
XS1292853899,TARGET HOLIDAYS
XS1314928802,NEW YORK|LONDON|TARGET HOLIDAYS|TOKYO
XS1307725108,LONDON|NEW YORK|HONG KONG|TARGET HOLIDAYS
XS1330373496,LONDON|TOKYO
XS1317100466,NEW YORK|LONDON|TOKYO
XS1386328063,HONG KONG
XS1391856330,ZURICH
XS1320649970,NEW YORK
XS1179858144,TARGET HOLIDAYS
XS1378389404,HONG KONG
XS1330957488,NEW YORK
XS1374859582,NEW YORK|LONDON|TOKYO
XS1320649384,HONG KONG
XS1255065937,NEW YORK|LONDON
XS1395264499,HONG KONG
XS1274896452,NEW YORK|LONDON
US718286CA32,LONDON|NEW YORK|HONG KONG|SINGAPORE
CH0295931403,NEW YORK|TARGET HOLIDAYS|ZURICH
XS1293103674,NEW YORK
XS1317268990,NEW YORK
XS0988480025,NEW YORK
XS1306639664,NEW YORK
XS1314797942,SINGAPORE
